,
Tomorrow is the big day. Iâ€™m so excited to share what Iâ€™ve been working on for so long. âœ¨,â€¢ Tomorrow is the big day. Iâ€™m so excited to share what Iâ€™ve been working on for so long. âœ¨
"Introducing Imagine: Fashion Photography in Midjourney - the ultimate digital guide for unlocking the full potential of Midjourney's capabilities and creating stunning imagery that goes beyond your imagination. 

As tools like Midjourney are here to stay, gathering a real understanding of its capabilities and how the tool can be utilised will be crucial for image makers going forward.

Thus I have spent months extracting the most effective methods and techniques, and I have now compiled all of my experience and accumulated knowledge into easy-to-follow instructions and practical tips so that you can be on your way to creating amazing images in no time. 

The guide has been tested and reviewed by more than 30 photographers, graphic designers and other image makers around the world for weeks to ensure that it meets expectations and provides real value. 

Imagine: Fashion Photography in Midjourney is available for purchase on store.mariustroy.com. Link in bio as well.

Good luck on your journey exploring Midjourney! :)","â€¢ Introducing Imagine: Fashion Photography in Midjourney - the ultimate digital guide for unlocking the full potential of Midjourney's capabilities and creating stunning imagery that goes beyond your imagination.   As tools like Midjourney are here to stay, gathering a real understanding of its capabilities and how the tool can be utilised will be crucial for image makers going forward.  Thus I have spent months extracting the most effective methods and techniques, and I have now compiled all of my experience and accumulated knowledge into easy-to-follow instructions and practical tips so that you can be on your way to creating amazing images in no time.   The guide has been tested and reviewed by more than 30 photographers, graphic designers and other image makers around the world for weeks to ensure that it meets expectations and provides real value.   Imagine: Fashion Photography in Midjourney is available for purchase on store.mariustroy.com. Link in bio as well.  Good luck on your journey exploring Midjourney! :)"
"Pantonesque ğŸŸ£ğŸŸ 

My guide to Midjourney is out. Link in bio.",â€¢ Pantonesque ğŸŸ£ğŸŸ   My guide to Midjourney is out. Link in bio.
"Passe-temps. Slow morning.

My guide to Midjourney is out now.",â€¢ Passe-temps. Slow morning.  My guide to Midjourney is out now.
"Parisian flowers. ğŸŒ¸ it is spring time isnâ€™t it? 

Link to my Midjourney guide in my bio ğŸ“¸",â€¢ Parisian flowers. ğŸŒ¸ it is spring time isnâ€™t it?   Link to my Midjourney guide in my bio ğŸ“¸
"Within You Without You âœ¨

The Ai revolution may seem scary, but itâ€™s there available for you to explore. Who knows, perhaps itâ€™ll spark a new idea or two.

If you should need it, my guide to Midjourney is available through the link in my bio.","â€¢ Within You Without You âœ¨  The Ai revolution may seem scary, but itâ€™s there available for you to explore. Who knows, perhaps itâ€™ll spark a new idea or two.  If you should need it, my guide to Midjourney is available through the link in my bio."
"City reimagined ğŸš

Iâ€™m using midjourney as a collaborative partner to dream up new architectural concepts. Will the brainstorming process for architects be forever changed by the dawn of Ai image generators?

#midjourneyarchitecture #midjourney #midjourneyart #midjourneysculpture #aiart #midjourneygallery",â€¢ City reimagined ğŸš  Iâ€™m using midjourney as a collaborative partner to dream up new architectural concepts. Will the brainstorming process for architects be forever changed by the dawn of Ai image generators?  #midjourneyarchitecture #midjourney #midjourneyart #midjourneysculpture #aiart #midjourneygallery
"Within You Without You âœ¨ Part II

Generating ideas in Midjourney could help you visualize new concepts for your shoots. Imagine being able to communicate your ideas this clearly to a creative team.",â€¢ Within You Without You âœ¨ Part II  Generating ideas in Midjourney could help you visualize new concepts for your shoots. Imagine being able to communicate your ideas this clearly to a creative team.
Dreaming up concepts for sculptures Iâ€™d love to make ğŸª¸,â€¢ Dreaming up concepts for sculptures Iâ€™d love to make ğŸª¸
"Letâ€™s talk!

Conversations are needed. Ai generated imagery is only going to get better and more convincing. What implications do you think this will have on the commercial side of photography? Would you like to stop the development with effective regulations? If yes, then what and how?

Do you think creatives should learn these tools or is it a foolâ€™s errand to partake? 

Are there creative upsides to tools like Midjourney? What do you think? Letâ€™s have a conversation.","â€¢ Letâ€™s talk!  Conversations are needed. Ai generated imagery is only going to get better and more convincing. What implications do you think this will have on the commercial side of photography? Would you like to stop the development with effective regulations? If yes, then what and how?  Do you think creatives should learn these tools or is it a foolâ€™s errand to partake?   Are there creative upsides to tools like Midjourney? What do you think? Letâ€™s have a conversation."
"Bloom ğŸŒ¸ 

Learn how to explore ideas in Midjourney with my guide. Available in link in bio.",â€¢ Bloom ğŸŒ¸   Learn how to explore ideas in Midjourney with my guide. Available in link in bio.
"Spring has sprung. These images are made with Midjourney.

My Midjourney guide is available now through the link in my bio with all my methods and ease-to-follow steps.",â€¢ Spring has sprung. These images are made with Midjourney.  My Midjourney guide is available now through the link in my bio with all my methods and ease-to-follow steps.
"Sculptura Psilocybe.

#midjourneyarchitecture #midjourney #midjourneyart #midjourneysculpture #aiart #midjourneygallery",â€¢ Sculptura Psilocybe.  #midjourneyarchitecture #midjourney #midjourneyart #midjourneysculpture #aiart #midjourneygallery
"Parisian fairies ğŸ§šğŸ¼â€â™€ï¸

Edit: looks like instagram glitched and replaced half of the shots with duplicates. ğŸ¤·ğŸ»â€â™‚ï¸",â€¢ Parisian fairies ğŸ§šğŸ¼â€â™€ï¸  Edit: looks like instagram glitched and replaced half of the shots with duplicates. ğŸ¤·ğŸ»â€â™‚ï¸
"Pulp Architecture ğŸ‘

#midjourneyarchitecture #midjourney #midjourneyart #midjourneysculpture #aiart #midjourneygallery",â€¢ Pulp Architecture ğŸ‘  #midjourneyarchitecture #midjourney #midjourneyart #midjourneysculpture #aiart #midjourneygallery
"Mashing ideas and opposing concepts together in Midjourney can lead to some unexpected results. In this instance I was exploring the idea of a 70s artistic  jungle shoot with a splash of Yves Klein (because Iâ€™m obsessed with blue). ğŸŒ¿ğŸ’™

Learn more about how you can create wonderful imagery in my Midjourney guide. Link in bio âœ¨",â€¢ Mashing ideas and opposing concepts together in Midjourney can lead to some unexpected results. In this instance I was exploring the idea of a 70s artistic  jungle shoot with a splash of Yves Klein (because Iâ€™m obsessed with blue). ğŸŒ¿ğŸ’™  Learn more about how you can create wonderful imagery in my Midjourney guide. Link in bio âœ¨
"Facades and entrances reimagined ğŸŒŒ

#midjourneyarchitecture #midjourneyart #midjourneyai #aiart #aiartwork #midjourney #midjourneygallery #architecture #organicarchitecture #cityplanning #cityscapes #paris",â€¢ Facades and entrances reimagined ğŸŒŒ  #midjourneyarchitecture #midjourneyart #midjourneyai #aiart #aiartwork #midjourney #midjourneygallery #architecture #organicarchitecture #cityplanning #cityscapes #paris
"Rainbow Mood âœ¨ğŸŒ

Are you a fashion model and would like to be featured in one of my series? Reach out in DMs for details! ğŸ’Œ

#midjourney #midjourneyart #midjourneyfashion #midjourneyarchitecture #midjourneyartwork #midjourneygallery",â€¢ Rainbow Mood âœ¨ğŸŒ  Are you a fashion model and would like to be featured in one of my series? Reach out in DMs for details! ğŸ’Œ  #midjourney #midjourneyart #midjourneyfashion #midjourneyarchitecture #midjourneyartwork #midjourneygallery
"Seeds of life. An imagined art installation exploring light and origins of life in large scale ğŸŒ•

#midjourney #midjourneyart #midjourneyartwork #midjourneyarchitecture #midjourneygallery #artinstallation #installation #artofinstagram",â€¢ Seeds of life. An imagined art installation exploring light and origins of life in large scale ğŸŒ•  #midjourney #midjourneyart #midjourneyartwork #midjourneyarchitecture #midjourneygallery #artinstallation #installation #artofinstagram
"One thing I find interesting in Midjourney is how referencing a specific time period always slightly changes the output. In these frames I use the exact same prompt, only changing the decade the image is shot in. 

How accurate do you think it is? Did it nail or fail any of them?

Learn all my Midjourney methods and techniques in my guide, link in bio!

#midjourneyart #midjourney #midjourneyfashion #midjourneyai #midjourneygallery #midjourneyportraits","â€¢ One thing I find interesting in Midjourney is how referencing a specific time period always slightly changes the output. In these frames I use the exact same prompt, only changing the decade the image is shot in.   How accurate do you think it is? Did it nail or fail any of them?  Learn all my Midjourney methods and techniques in my guide, link in bio!  #midjourneyart #midjourney #midjourneyfashion #midjourneyai #midjourneygallery #midjourneyportraits"
"Sculptura Psilocybe. An imagined art installation exploring organic shapes in large scale. ğŸ„

#midjourney #midjourneyart #midjourneyartwork #midjourneyarchitecture #midjourneygallery #artinstallation #installationart #exprienceart #artofinstagram",â€¢ Sculptura Psilocybe. An imagined art installation exploring organic shapes in large scale. ğŸ„  #midjourney #midjourneyart #midjourneyartwork #midjourneyarchitecture #midjourneygallery #artinstallation #installationart #exprienceart #artofinstagram
"In the eye of the crystal ğŸ‘ï¸

Learn all my Midjourney methods and techniques in my guide, link in bio!

#midjourney #midjourneyart #midjourneyfashion #midjourneyarchitecture #midjourneyartwork #midjourneygallery","â€¢ In the eye of the crystal ğŸ‘ï¸  Learn all my Midjourney methods and techniques in my guide, link in bio!  #midjourney #midjourneyart #midjourneyfashion #midjourneyarchitecture #midjourneyartwork #midjourneygallery"
"In the eye of the crystal ğŸ‘ï¸ Exploring the cave.

Available as prints! Link in bio ğŸŒ„

#midjourney #midjourneyart #midjourneyfashion #midjourneyarchitecture #midjourneyartwork #midjourneygallery",â€¢ In the eye of the crystal ğŸ‘ï¸ Exploring the cave.  Available as prints! Link in bio ğŸŒ„  #midjourney #midjourneyart #midjourneyfashion #midjourneyarchitecture #midjourneyartwork #midjourneygallery
"FlÃ¶geâ€™s Temple. ğŸŒ¿

Learn all my Midjourney methods and techniques in my guide, link in bio!

#midjourney #midjourneyart #midjourneyfashion #midjourneyarchitecture #midjourneyartwork #midjourneygallery","â€¢ FlÃ¶geâ€™s Temple. ğŸŒ¿  Learn all my Midjourney methods and techniques in my guide, link in bio!  #midjourney #midjourneyart #midjourneyfashion #midjourneyarchitecture #midjourneyartwork #midjourneygallery"
"Can Ai tools teach us a thing or two about ourselves? Tools like midjourney are trained on our data, meaning human culture is at its core, so what it generates is truly a reflection of the â€˜usâ€™ it has been fed. 

In this instance, what does something holy or spiritual look like? These arenâ€™t â€˜realâ€™ symbols, but are they symbols nonetheless if they are received as such? 

#midjourneyart #midjourneyai #midjourneyarchitecture #midjourneyartwork #midjourneygallery #midjourneyartist #spirituality #spiritual #technology","â€¢ Can Ai tools teach us a thing or two about ourselves? Tools like midjourney are trained on our data, meaning human culture is at its core, so what it generates is truly a reflection of the â€˜usâ€™ it has been fed.   In this instance, what does something holy or spiritual look like? These arenâ€™t â€˜realâ€™ symbols, but are they symbols nonetheless if they are received as such?   #midjourneyart #midjourneyai #midjourneyarchitecture #midjourneyartwork #midjourneygallery #midjourneyartist #spirituality #spiritual #technology"
"Graces O with wrists like the wild rose,
Chaste and holy daughters, come,
Come among us, daughters of God.

ğŸŒğŸŒ¿

#spirituality #midjourneyart #midjourneygallery #midjourneyaiart #ai #aiart #goddess #midjourneyportraits #midjourneyartist #promptart #promptography","â€¢ Graces O with wrists like the wild rose, Chaste and holy daughters, come, Come among us, daughters of God.  ğŸŒğŸŒ¿  #spirituality #midjourneyart #midjourneygallery #midjourneyaiart #ai #aiart #goddess #midjourneyportraits #midjourneyartist #promptart #promptography"
"ğŸŒ Good Morning World ğŸŒ 

A perfect musical backdrop as you start your day, or for active listening when you need a break.

Listen through the link in bio âœ¨

Carefully curated by
@andreas.ihlebaek & @mariustroy","â€¢ ğŸŒ Good Morning World ğŸŒ   A perfect musical backdrop as you start your day, or for active listening when you need a break.  Listen through the link in bio âœ¨  Carefully curated by @andreas.ihlebaek & @mariustroy"
"Azur, a child of our @morgenlandia project is finally out today ğŸŒŠ 

I feel so much love & gratitude for having such amazingly talented brothers in @Andreas.ihlebaek and @larsibherlofsen ğŸŒâ¤ï¸ 

Azur by @morgenlandia available to stream at all platforms now.","â€¢ Azur, a child of our @morgenlandia project is finally out today ğŸŒŠ   I feel so much love & gratitude for having such amazingly talented brothers in @Andreas.ihlebaek and @larsibherlofsen ğŸŒâ¤ï¸   Azur by @morgenlandia available to stream at all platforms now."
"Change alone is unchanging.

Version 5.2 of Midjourney has been released, and with it comes a few new features to get excited about, most notably a zoom out function that Iâ€™ve used I order to create this video. Iâ€™ll be updating and expanding my guide to midjourney with an in depth look at the new features this week, along with a few other enhancements and new thoughts. If youâ€™ve already purchased my guide I will send you the updated guide for free when it is ready!","â€¢ Change alone is unchanging.  Version 5.2 of Midjourney has been released, and with it comes a few new features to get excited about, most notably a zoom out function that Iâ€™ve used I order to create this video. Iâ€™ll be updating and expanding my guide to midjourney with an in depth look at the new features this week, along with a few other enhancements and new thoughts. If youâ€™ve already purchased my guide I will send you the updated guide for free when it is ready!"
"The garden of Persephone âœ¨

#psychedelicart #midjourneyai #midjourneyart #midjourneyartwork #midjourney #aiart #aivideos #spirituality #spiritualawakening #mythology #greekmythology",â€¢ The garden of Persephone âœ¨  #psychedelicart #midjourneyai #midjourneyart #midjourneyartwork #midjourney #aiart #aivideos #spirituality #spiritualawakening #mythology #greekmythology
"A bit of a break in the regularly scheduled programming here.. 

Wars, natural disasters, pandemics, artificial intelligence, cyber wars, and now UFOs.. the list of potential dangers to humanity seems endless and forever growing. Media has made us obsessed and hooked on bad news and fear, and what does that do to our human experience of life? What are the effects of washing away hope? Especially in times of change.

Iâ€™m not raising a flag for ignorance, just questioning what weâ€™re choosing to focus on and what it will lead to. Whoâ€™s looking for the opportunities and solutions? It is possible to have two thoughts in your mind at the same time. 

Ai technology is fast evolving. How may we use this technology to help humanity and the planet? The potential is limitless in both risks and benefits, so letâ€™s not forget how important it is for us to accept change and use it to our advantage.","â€¢ A bit of a break in the regularly scheduled programming here..   Wars, natural disasters, pandemics, artificial intelligence, cyber wars, and now UFOs.. the list of potential dangers to humanity seems endless and forever growing. Media has made us obsessed and hooked on bad news and fear, and what does that do to our human experience of life? What are the effects of washing away hope? Especially in times of change.  Iâ€™m not raising a flag for ignorance, just questioning what weâ€™re choosing to focus on and what it will lead to. Whoâ€™s looking for the opportunities and solutions? It is possible to have two thoughts in your mind at the same time.   Ai technology is fast evolving. How may we use this technology to help humanity and the planet? The potential is limitless in both risks and benefits, so letâ€™s not forget how important it is for us to accept change and use it to our advantage."
"Our imagined futures matter. 

It is widely accepted that imagined futures become socially performative. Clearly, we need to challenge the prevalent doom & gloom narratives and imagine â€˜desirable futuresâ€™ people can act towards. 

My desired future might differ from yours, so what are some ideas or wishes for a desired future we can all agree on? 

#futurism #future #architecture #ai #prophecy #humanism #naturelovers #naturearchitecture #midjourneyarchitecture #midjourneyart #midjourneyart","â€¢ Our imagined futures matter.   It is widely accepted that imagined futures become socially performative. Clearly, we need to challenge the prevalent doom & gloom narratives and imagine â€˜desirable futuresâ€™ people can act towards.   My desired future might differ from yours, so what are some ideas or wishes for a desired future we can all agree on?   #futurism #future #architecture #ai #prophecy #humanism #naturelovers #naturearchitecture #midjourneyarchitecture #midjourneyart #midjourneyart"
"Reading a good book, drawing, meditating, doing a breathing exercise are all good espaces that can help reset and expand your mind.

What are some espaces that provide meaning and new perspectives to you?

#flow #meditation #flowzone #doorsofperception #aldoushuxley #reading #meaning #meaningful #psychedelic #alteredstates","â€¢ Reading a good book, drawing, meditating, doing a breathing exercise are all good espaces that can help reset and expand your mind.  What are some espaces that provide meaning and new perspectives to you?  #flow #meditation #flowzone #doorsofperception #aldoushuxley #reading #meaning #meaningful #psychedelic #alteredstates"
"In Within âœ¨

Iâ€™ve pushed out an update of my Midjourney guide today, covering relevant new features. If youâ€™ve already purchased the guide, a free download link should be in your inbox. If you havenâ€™t purchased it, nowâ€™s the time ğŸŒğŸ˜Œ Link in bio.

#midjourneyart #midjourney #midjourneyartwork #aiart #midjourneyfashion #psychedelicart #psychedelic","â€¢ In Within âœ¨  Iâ€™ve pushed out an update of my Midjourney guide today, covering relevant new features. If youâ€™ve already purchased the guide, a free download link should be in your inbox. If you havenâ€™t purchased it, nowâ€™s the time ğŸŒğŸ˜Œ Link in bio.  #midjourneyart #midjourney #midjourneyartwork #aiart #midjourneyfashion #psychedelicart #psychedelic"
"Portals of Dystropica.

Imaginary sculpture park with portals of warm light in the green tropics ğŸŒ¿

#midjourneyart #midjourney #midjourneyai #midjourneyartwork #midjourneyarchitecture #midjourneyaiart #aiart #ai #aiarchitecture #scuplture #art #artinstallation",â€¢ Portals of Dystropica.  Imaginary sculpture park with portals of warm light in the green tropics ğŸŒ¿  #midjourneyart #midjourney #midjourneyai #midjourneyartwork #midjourneyarchitecture #midjourneyaiart #aiart #ai #aiarchitecture #scuplture #art #artinstallation
"Guardians of Rubrum.

â™¦ï¸

#midjourneyart #midjourney #midjourneyai #midjourneyartwork #midjourneyarchitecture #midjourneyaiart #aiart #ai #aiarchitecture #scuplture #art #artinstallation",â€¢ Guardians of Rubrum.  â™¦ï¸  #midjourneyart #midjourney #midjourneyai #midjourneyartwork #midjourneyarchitecture #midjourneyaiart #aiart #ai #aiarchitecture #scuplture #art #artinstallation
"What is the future of residential architecture?

A post-labor world could see people leave big cities to form tight-knit communities closer to nature, and perhaps ideally, immersed in nature. What would your ideal future  of housing look like? And what amenities would be central to facilitate a balanced way of living?

#futurism #future #architecture #ai #prophecy #humanism #naturelovers #naturearchitecture #midjourneyarchitecture #midjourneyart #midjourneyart #residential #villagelife","â€¢ What is the future of residential architecture?  A post-labor world could see people leave big cities to form tight-knit communities closer to nature, and perhaps ideally, immersed in nature. What would your ideal future  of housing look like? And what amenities would be central to facilitate a balanced way of living?  #futurism #future #architecture #ai #prophecy #humanism #naturelovers #naturearchitecture #midjourneyarchitecture #midjourneyart #midjourneyart #residential #villagelife"
"La vie en Provence.

Still not convinced AI will be instrumental in image creation in the near future?

My Midjourney guide is coming out on Tuesday. Really looking forward to sharing my process and knowledge so that more people get access to the capabilities of this new tool.",â€¢ La vie en Provence.  Still not convinced AI will be instrumental in image creation in the near future?  My Midjourney guide is coming out on Tuesday. Really looking forward to sharing my process and knowledge so that more people get access to the capabilities of this new tool.
"Yess! Finally! Premium prints of my work have arrivedğŸŒ Iâ€™ve worked hard to make high quality prints available for anyone to put on their wall. They are available in four sizes, from small to large, and in between. If you want a larger size thatâ€™s no problem at all, just reach out to me and weâ€™ll make it work ğŸ–¼ï¸

Link in bio â¤ï¸

With love.

#prints #printshop #art #artgallery #artsalesonline #wallart #walldecor #premiumprint","â€¢ Yess! Finally! Premium prints of my work have arrivedğŸŒ Iâ€™ve worked hard to make high quality prints available for anyone to put on their wall. They are available in four sizes, from small to large, and in between. If you want a larger size thatâ€™s no problem at all, just reach out to me and weâ€™ll make it work ğŸ–¼ï¸  Link in bio â¤ï¸  With love.  #prints #printshop #art #artgallery #artsalesonline #wallart #walldecor #premiumprint"
"softly, softly as the petals fall,
(like dreams that flutter, shyly, from the soul)
lifeâ€™s ephemeral ballet does enthrall,
and in this dance, we find ourselves made whole.

#midjourneyart #midjourney #midjourneyartwork #aiart #aiassistedart","â€¢ softly, softly as the petals fall, (like dreams that flutter, shyly, from the soul) lifeâ€™s ephemeral ballet does enthrall, and in this dance, we find ourselves made whole.  #midjourneyart #midjourney #midjourneyartwork #aiart #aiassistedart"
"Familiar unknown. 

Experiments with imaginary sculptures exploring (un)familiar forms.

#artgallery #aiassistedart #midjourneyart #midjourney #midjourneyai #midjourneyartwork #midjourneyarchitecture #midjourneyaiart #aiart #ai #aiarchitecture #scuplture #art #artinstallation",â€¢ Familiar unknown.   Experiments with imaginary sculptures exploring (un)familiar forms.  #artgallery #aiassistedart #midjourneyart #midjourney #midjourneyai #midjourneyartwork #midjourneyarchitecture #midjourneyaiart #aiart #ai #aiarchitecture #scuplture #art #artinstallation
"The exploration deepens with the second part of my series on Imaginary Flowers.ğŸŒ¸

Prints will soon be available for these and more of my recent work!

#flowers #nature #midjourneyart #midjourneyartwork #midjourneylandscape #midjourney #aiart #aiassistedart #aiartwork #ai #prints",â€¢ The exploration deepens with the second part of my series on Imaginary Flowers.ğŸŒ¸  Prints will soon be available for these and more of my recent work!  #flowers #nature #midjourneyart #midjourneyartwork #midjourneylandscape #midjourney #aiart #aiassistedart #aiartwork #ai #prints
"Les Fleurs du Soir.

An imaginary photo series merging the beauty of nature and its features and elements with fashion and the feminine. 

#flowers #fashionshoot #fashion #midjourneyart #midjourneyartwork #midjourneyfashion #midjourneyportraits #aiart #aifashion #aiartwork #aiassistedart #ai #aiartist #lanscape",â€¢ Les Fleurs du Soir.  An imaginary photo series merging the beauty of nature and its features and elements with fashion and the feminine.   #flowers #fashionshoot #fashion #midjourneyart #midjourneyartwork #midjourneyfashion #midjourneyportraits #aiart #aifashion #aiartwork #aiassistedart #ai #aiartist #lanscape
"We donâ€™t need to reimagine flowers. Flowers are already a thing of sorcery.

However, I took the time to do it nonetheless. ğŸŒ¸ To be continued.

#flowers #nature #midjourneyart #midjourneyartwork #midjourneylandscape #midjourney #aiart #aiassistedart #aiartwork #ai","â€¢ We donâ€™t need to reimagine flowers. Flowers are already a thing of sorcery.  However, I took the time to do it nonetheless. ğŸŒ¸ To be continued.  #flowers #nature #midjourneyart #midjourneyartwork #midjourneylandscape #midjourney #aiart #aiassistedart #aiartwork #ai"
"Mountain of Multiverse.

An imagined art installation in the mountains with glass spheres representing the multiverse. Who knows how the different universes are laid out and in which space the exist? Notice the tension between the fragile and soft glass of the spheres and the rugged and harsh environment in which they sit. 

#sculptures #aiassistedart #midjourneyart #midjourney #midjourneyai #midjourneyartwork #midjourneyarchitecture #midjourneyaiart #aiart #ai #aiarchitecture #conceptual #conceptart #conceptualart #immersiveart #art #artinstallation",â€¢ Mountain of Multiverse.  An imagined art installation in the mountains with glass spheres representing the multiverse. Who knows how the different universes are laid out and in which space the exist? Notice the tension between the fragile and soft glass of the spheres and the rugged and harsh environment in which they sit.   #sculptures #aiassistedart #midjourneyart #midjourney #midjourneyai #midjourneyartwork #midjourneyarchitecture #midjourneyaiart #aiart #ai #aiarchitecture #conceptual #conceptart #conceptualart #immersiveart #art #artinstallation
"Copy my prompts with the Book of Formulas ğŸª„ 

The exact prompts to these images and much more is available through the link in my bio.

Big thanks to all of you to got it already, I hope youâ€™re enjoying it! âœ¨ğŸ™ğŸ¼ Be sure to send your requests in for the next free update of the book!ğŸ“• 

#aiassistedart #aifashion #aiart #aicommunity #aiarchitecture #midjourneyinteriors #midjourneyarchitecture #midjourneyart #midjourneyartwork","â€¢ Copy my prompts with the Book of Formulas ğŸª„   The exact prompts to these images and much more is available through the link in my bio.  Big thanks to all of you to got it already, I hope youâ€™re enjoying it! âœ¨ğŸ™ğŸ¼ Be sure to send your requests in for the next free update of the book!ğŸ“•   #aiassistedart #aifashion #aiart #aicommunity #aiarchitecture #midjourneyinteriors #midjourneyarchitecture #midjourneyart #midjourneyartwork"
"Itâ€™s here. Finally. My Midjourney guide for creatives of all disciplines!

All of my accumulated knowledge made into easy-to-follow instructions and practical tips so that you can start creating amazing concepts with Midjourney today.

This guide is a continuation of the popular Imagine: Fashion Photography in Midjourney, and while this guide provides a wider range of use cases for Midjourney's capabilities, it is still based on the same methods. If you've already purchased my previous guide, eligible for a discount on this guide. Check your email for your discount code or reach out to me directly.

#midjourney #midjourneyart #midjourneyarchitecture #aiassistedart #aiart #aicommunity","â€¢ Itâ€™s here. Finally. My Midjourney guide for creatives of all disciplines!  All of my accumulated knowledge made into easy-to-follow instructions and practical tips so that you can start creating amazing concepts with Midjourney today.  This guide is a continuation of the popular Imagine: Fashion Photography in Midjourney, and while this guide provides a wider range of use cases for Midjourney's capabilities, it is still based on the same methods. If you've already purchased my previous guide, eligible for a discount on this guide. Check your email for your discount code or reach out to me directly.  #midjourney #midjourneyart #midjourneyarchitecture #aiassistedart #aiart #aicommunity"
"I have finally answered you requests! Introducing my very own Book of Formulas âœ¨ğŸ“™ 21 (and growing) stunning concepts in architecture, interiors, automobile design, sculptures, costumes, fashion and more, and their accompanying prompts.

This is a living document, so get it today and get free updates for six months from the day you purchase. I will frequently add content people find valuable, so be sure to give me feedback so that I can optimize to your liking.

Link in bio!

#midjourney #midjourneyart #midjourneyarchitecture #midjourneyguide #aiart #aiassistedart #prompt","â€¢ I have finally answered you requests! Introducing my very own Book of Formulas âœ¨ğŸ“™ 21 (and growing) stunning concepts in architecture, interiors, automobile design, sculptures, costumes, fashion and more, and their accompanying prompts.  This is a living document, so get it today and get free updates for six months from the day you purchase. I will frequently add content people find valuable, so be sure to give me feedback so that I can optimize to your liking.  Link in bio!  #midjourney #midjourneyart #midjourneyarchitecture #midjourneyguide #aiart #aiassistedart #prompt"
"Weâ€™re not leaving Tokyo yet. ğŸ‡¯ğŸ‡µ

While producing images for The Tokyo Rising Suns Project I got deep into the aesthetic and feeling of the city. Tokyo is a city I love visiting and a place I often romanticize, so being able to create images that capture that emotion is quite thrilling. Obviously, nothing will replace being immersed in the city and capturing moments for real, but I am still amazed by how midjourney can be utilized to convey feelings, aesthetics and tell stories. I see a real use for midjourney as a tool for storyboarding.

#tokyo #aiassistedart #midjourneyart #midjourney #midjourneyarchitecture #midjourneygallery #aiart #storytelling #neon #neonlights","â€¢ Weâ€™re not leaving Tokyo yet. ğŸ‡¯ğŸ‡µ  While producing images for The Tokyo Rising Suns Project I got deep into the aesthetic and feeling of the city. Tokyo is a city I love visiting and a place I often romanticize, so being able to create images that capture that emotion is quite thrilling. Obviously, nothing will replace being immersed in the city and capturing moments for real, but I am still amazed by how midjourney can be utilized to convey feelings, aesthetics and tell stories. I see a real use for midjourney as a tool for storyboarding.  #tokyo #aiassistedart #midjourneyart #midjourney #midjourneyarchitecture #midjourneygallery #aiart #storytelling #neon #neonlights"
"The Tokyo Rising Suns Project ğŸ”´

Imagined art installations in Tokyo with large scale red illuminated suns placed at different locations around the city. 

#tokyoart #tokyo #aiassistedart #midjourneyart #artinstallation #experience #experienceart #immersiveart #midjourneyarchitecture #midjourneyartwork",â€¢ The Tokyo Rising Suns Project ğŸ”´  Imagined art installations in Tokyo with large scale red illuminated suns placed at different locations around the city.   #tokyoart #tokyo #aiassistedart #midjourneyart #artinstallation #experience #experienceart #immersiveart #midjourneyarchitecture #midjourneyartwork
"Swarms of butterflies take to the streets of Paris ğŸ¦‹

Sommerfugl by @andreas.ihlebaek & I out where you listen to music now.

#aiassistedart #paris #butterfly #butterflies #artinparis #midjourneyart #midjourneyai #midjourneyartwork #newmusic #ambientmusic",â€¢ Swarms of butterflies take to the streets of Paris ğŸ¦‹  Sommerfugl by @andreas.ihlebaek & I out where you listen to music now.  #aiassistedart #paris #butterfly #butterflies #artinparis #midjourneyart #midjourneyai #midjourneyartwork #newmusic #ambientmusic
"Sommerfugl: An ode to a Butterfly.

While philosophising over the mysteries of the butterfly, classical musician @andreas.ihlebaek and I decided to compose a piece of music encapsulating the journey of a butterfly; fleeting & fragile, delicate & mysterious.  Sommerfugl is the Norwegian word for Butterfly. The song is available where you listen to music now. 

#newmusic #ambient #ambientmusic #electronic #butterfly #butterflies #classicalmusic #nature","â€¢ Sommerfugl: An ode to a Butterfly.  While philosophising over the mysteries of the butterfly, classical musician @andreas.ihlebaek and I decided to compose a piece of music encapsulating the journey of a butterfly; fleeting & fragile, delicate & mysterious.  Sommerfugl is the Norwegian word for Butterfly. The song is available where you listen to music now.   #newmusic #ambient #ambientmusic #electronic #butterfly #butterflies #classicalmusic #nature"
"Nights of Fantasia.

Photo series on location in an imagined sculpture park with sculptures as fruits of their natural environment. ğŸœï¸

#sculptures #aiassistedart #midjourneyart #midjourney #midjourneyai #midjourneyartwork #midjourneyarchitecture #midjourneyaiart #aiart #ai #aiarchitecture #conceptual #conceptart #conceptualart #immersiveart #art #artinstallation",â€¢ Nights of Fantasia.  Photo series on location in an imagined sculpture park with sculptures as fruits of their natural environment. ğŸœï¸  #sculptures #aiassistedart #midjourneyart #midjourney #midjourneyai #midjourneyartwork #midjourneyarchitecture #midjourneyaiart #aiart #ai #aiarchitecture #conceptual #conceptart #conceptualart #immersiveart #art #artinstallation
"Fruits of Fantasia.

Imaginary sculpture park with sculptures as the fruits of the desert as if they grew out of the ground in their natural environment. ğŸŒµğŸœï¸

#sculptures #aiassistedart #midjourneyart #midjourney #midjourneyai #midjourneyartwork #midjourneyarchitecture #midjourneyaiart #aiart #ai #aiarchitecture #conceptual #conceptart #conceptualart #immersiveart #art #artinstallation",â€¢ Fruits of Fantasia.  Imaginary sculpture park with sculptures as the fruits of the desert as if they grew out of the ground in their natural environment. ğŸŒµğŸœï¸  #sculptures #aiassistedart #midjourneyart #midjourney #midjourneyai #midjourneyartwork #midjourneyarchitecture #midjourneyaiart #aiart #ai #aiarchitecture #conceptual #conceptart #conceptualart #immersiveart #art #artinstallation
"Embers of Eternity.

An imaginary sculpture park within a cave, exploring tensions and contrasts between the cold and rocky surfaces of the cave and the warm, translucent glass structures which casts a glowing light onto its surroundings.

#artinstallation #sculpture #immersiveart #immersive #midjourneyart #aiart #midjourneyartwork #midjourneyarchitecture #midjourney #aiartwork","â€¢ Embers of Eternity.  An imaginary sculpture park within a cave, exploring tensions and contrasts between the cold and rocky surfaces of the cave and the warm, translucent glass structures which casts a glowing light onto its surroundings.  #artinstallation #sculpture #immersiveart #immersive #midjourneyart #aiart #midjourneyartwork #midjourneyarchitecture #midjourney #aiartwork"
"Curiosity is the driver for a lot of my explorations in Midjourney. Itâ€™s a journey directed by a feeling or a hunch. In this specific instance I had a vision deep down and was  able to extract this vision through trial and error. In the end you just know you have arrived at your destination.

I donâ€™t know if these imaginary sculptures exploring the intersection between straight edged, fragile glass, rock formations and stones make you feel anything, but to me thereâ€™s tension, beauty and something intangible aesthetic that is rooted in, and came from me/us.

#midjourneyart #midjourney #midjourneyai #midjourneyartwork #midjourneyarchitecture #midjourneyaiart #aiart #ai #aiarchitecture #scuplture #art #artinstallation #glasssculpture #gemstones #crystals","â€¢ Curiosity is the driver for a lot of my explorations in Midjourney. Itâ€™s a journey directed by a feeling or a hunch. In this specific instance I had a vision deep down and was  able to extract this vision through trial and error. In the end you just know you have arrived at your destination.  I donâ€™t know if these imaginary sculptures exploring the intersection between straight edged, fragile glass, rock formations and stones make you feel anything, but to me thereâ€™s tension, beauty and something intangible aesthetic that is rooted in, and came from me/us.  #midjourneyart #midjourney #midjourneyai #midjourneyartwork #midjourneyarchitecture #midjourneyaiart #aiart #ai #aiarchitecture #scuplture #art #artinstallation #glasssculpture #gemstones #crystals"
"Â«All mystics speak the same language for they come from the same countryÂ»

This quote by Louis-Claude de Saint-Martin could be an indication of the way our relationship with religions & spirituality will develop in the future. If nirvana is to the Buddhists, what moksha is to the Hindus, what Jesus calls â€˜entering the kingdom of heaven within,â€™ what the Sufis call the union with the Beloved, and the Jewish mystics the return to the Promised Land, then perhaps we could all share a space where we connect to something larger than ourselves, whatever we consider that to be?

What would these spaces look like in the future? What would a space need in order to facilitate this?

Sometimes the naive ideas are the best, but the hardest to accept.

#futurism #future #architecture #ai #prophecy #humanism #naturelovers #naturearchitecture #midjourneyarchitecture #midjourneyart #midjourneyart #spirituality #spiritualawakening #spiritualgrowth #spiritualjourney","â€¢ Â«All mystics speak the same language for they come from the same countryÂ»  This quote by Louis-Claude de Saint-Martin could be an indication of the way our relationship with religions & spirituality will develop in the future. If nirvana is to the Buddhists, what moksha is to the Hindus, what Jesus calls â€˜entering the kingdom of heaven within,â€™ what the Sufis call the union with the Beloved, and the Jewish mystics the return to the Promised Land, then perhaps we could all share a space where we connect to something larger than ourselves, whatever we consider that to be?  What would these spaces look like in the future? What would a space need in order to facilitate this?  Sometimes the naive ideas are the best, but the hardest to accept.  #futurism #future #architecture #ai #prophecy #humanism #naturelovers #naturearchitecture #midjourneyarchitecture #midjourneyart #midjourneyart #spirituality #spiritualawakening #spiritualgrowth #spiritualjourney"
"Vision of an imaginary village along the coast of the Mediterranean. 

#futurism #future #architecture #ai #prophecy #humanism #naturelovers #naturearchitecture #midjourneyarchitecture #midjourneyart #midjourneyart #residential #villagelife #mediterranean #mediterraneanlife",â€¢ Vision of an imaginary village along the coast of the Mediterranean.   #futurism #future #architecture #ai #prophecy #humanism #naturelovers #naturearchitecture #midjourneyarchitecture #midjourneyart #midjourneyart #residential #villagelife #mediterranean #mediterraneanlife
"Residing in Desertica.

An imaginary desert town with sculptures & architecture designed to look like they belong in their surroundings.

#futurism #future #architecture #ai #prophecy #humanism #naturelovers #naturearchitecture #midjourneyarchitecture #midjourneyart #midjourneyart #residential #villagelife",â€¢ Residing in Desertica.  An imaginary desert town with sculptures & architecture designed to look like they belong in their surroundings.  #futurism #future #architecture #ai #prophecy #humanism #naturelovers #naturearchitecture #midjourneyarchitecture #midjourneyart #midjourneyart #residential #villagelife
"Monuments of Desertica.

Imaginary glass sculptures in the desert.

#midjourneyart #midjourney #midjourneyai #midjourneyartwork #midjourneyarchitecture #midjourneyaiart #aiart #ai #aiarchitecture #scuplture #art #artinstallation",â€¢ Monuments of Desertica.  Imaginary glass sculptures in the desert.  #midjourneyart #midjourney #midjourneyai #midjourneyartwork #midjourneyarchitecture #midjourneyaiart #aiart #ai #aiarchitecture #scuplture #art #artinstallation
"Fountain of Beauty.

A series of imagined sculptures of organic shapes and textures.

#sculptures #crystals #gemstones #flowers #aiassistedart #midjourneyart #midjourney #midjourneyai #midjourneyartwork #midjourneyarchitecture #midjourneyaiart #aiart #ai #aiarchitecture #conceptual #conceptart #conceptualart #immersiveart #art #artinstallation #beauty #fashion",â€¢ Fountain of Beauty.  A series of imagined sculptures of organic shapes and textures.  #sculptures #crystals #gemstones #flowers #aiassistedart #midjourneyart #midjourney #midjourneyai #midjourneyartwork #midjourneyarchitecture #midjourneyaiart #aiart #ai #aiarchitecture #conceptual #conceptart #conceptualart #immersiveart #art #artinstallation #beauty #fashion
"In a corner of the world never explored. Somewhere between reality and fantasy. Lay the hills of Huetopia. 

#architecture #ai #aiart #humanity #mystery #naturearchitecture #aiarchitecture #midjourney #midjourneyart #midjourneyarchitecture #fairytale",â€¢ In a corner of the world never explored. Somewhere between reality and fantasy. Lay the hills of Huetopia.   #architecture #ai #aiart #humanity #mystery #naturearchitecture #aiarchitecture #midjourney #midjourneyart #midjourneyarchitecture #fairytale
"Lady Stardust.

âœ¨

#movieaesthetic #scifi #fashionphotography #fantasy #fantasyart #stars #retro #aiassistedart #midjourneyart #midjourney #fashionshoot #aifashion #midjourneyfashion #ai #aiart #landscape",â€¢ Lady Stardust.  âœ¨  #movieaesthetic #scifi #fashionphotography #fantasy #fantasyart #stars #retro #aiassistedart #midjourneyart #midjourney #fashionshoot #aifashion #midjourneyfashion #ai #aiart #landscape
"True Nature. An imagined immersive art experience showcasing and exploring the mysteries of nature & energy, baring naked whatâ€™s hidden behind the veil of our limited perception. 

#sculptures #aiassistedart #midjourneyart #midjourney #midjourneyai #midjourneyartwork #midjourneyarchitecture #midjourneyaiart #aiart #ai #aiarchitecture #conceptual #conceptart #conceptualart #immersiveart #art #artinstallation","â€¢ True Nature. An imagined immersive art experience showcasing and exploring the mysteries of nature & energy, baring naked whatâ€™s hidden behind the veil of our limited perception.   #sculptures #aiassistedart #midjourneyart #midjourney #midjourneyai #midjourneyartwork #midjourneyarchitecture #midjourneyaiart #aiart #ai #aiarchitecture #conceptual #conceptart #conceptualart #immersiveart #art #artinstallation"
"In the deepest forest she dwells all alone, her touch will turn a leaf to glimmering gold. 
Loved ones too, meet this fate, so she keeps to herself and sleeps in a lake. 

#fairytale #landscape #aiassistedart #midjourneyart #midjourney #fashionshoot #aifashion #midjourneyfashion #ai #aiart","â€¢ In the deepest forest she dwells all alone, her touch will turn a leaf to glimmering gold.  Loved ones too, meet this fate, so she keeps to herself and sleeps in a lake.   #fairytale #landscape #aiassistedart #midjourneyart #midjourney #fashionshoot #aifashion #midjourneyfashion #ai #aiart"
"Portals of Creation. An imagined immersive art experience exploring the source of creation with space, light projections, sound and sculptures.

#sculptures #aiassistedart #midjourneyart #midjourney #midjourneyai #midjourneyartwork #midjourneyarchitecture #midjourneyaiart #aiart #ai #aiarchitecture #conceptual #conceptart #conceptualart #immersiveart #art #artinstallation","â€¢ Portals of Creation. An imagined immersive art experience exploring the source of creation with space, light projections, sound and sculptures.  #sculptures #aiassistedart #midjourneyart #midjourney #midjourneyai #midjourneyartwork #midjourneyarchitecture #midjourneyaiart #aiart #ai #aiarchitecture #conceptual #conceptart #conceptualart #immersiveart #art #artinstallation"
"Wide eyes and genuine love. Thank you, 2023. A year of curiosity, growth and transition, the brightest opportunities and harshest tests. Here are some highlights of the life and love behind the art in the year that was.","â€¢ Wide eyes and genuine love. Thank you, 2023. A year of curiosity, growth and transition, the brightest opportunities and harshest tests. Here are some highlights of the life and love behind the art in the year that was."
"A new year. A new day. A new moment of poetic imagination and reverie as we still stretch towards the light despite the harsh conditions of our environments.

Love.

#conceptualart #collageart #collage #surrealart #aiart #aiartwork #flowers #landscape #midjourneyart #midjourney #midjourneyai #midjourneyartwork #midjourneyarchitecture #midjourneyaiart",â€¢ A new year. A new day. A new moment of poetic imagination and reverie as we still stretch towards the light despite the harsh conditions of our environments.  Love.  #conceptualart #collageart #collage #surrealart #aiart #aiartwork #flowers #landscape #midjourneyart #midjourney #midjourneyai #midjourneyartwork #midjourneyarchitecture #midjourneyaiart
"When your imagination is the only limiting factor for what you create..

I recently released an update to Imagine: Midjourney for Creatives to cover some of the developments and new features now available in Midjourney. If youâ€™ve purchased a copy, but still havenâ€™t received the update, please reach out.

If youâ€™re considering downloading the guide, please be sure to check the box for product updates, in that way youâ€™ll receive new versions of the guide as I update it. Iâ€™m already working on an update for next week covering some new and exciting scaling tools for your midjourney images.

If you have any questions or suggestions to enhance or optimize the guide, please reach out!

Stay tuned!

#midjourney #midjourneyart #midjourneyartwork #midjourneyarchitecture #midjourneyai #midjourneyguide #midjourneytips #midjourneytutorial #ai #aiart #aisculpture #midjourneysculpture #ebook #cinematic #architecture","â€¢ When your imagination is the only limiting factor for what you create..  I recently released an update to Imagine: Midjourney for Creatives to cover some of the developments and new features now available in Midjourney. If youâ€™ve purchased a copy, but still havenâ€™t received the update, please reach out.  If youâ€™re considering downloading the guide, please be sure to check the box for product updates, in that way youâ€™ll receive new versions of the guide as I update it. Iâ€™m already working on an update for next week covering some new and exciting scaling tools for your midjourney images.  If you have any questions or suggestions to enhance or optimize the guide, please reach out!  Stay tuned!  #midjourney #midjourneyart #midjourneyartwork #midjourneyarchitecture #midjourneyai #midjourneyguide #midjourneytips #midjourneytutorial #ai #aiart #aisculpture #midjourneysculpture #ebook #cinematic #architecture"
"Rendezvous,

In an alternate future in the south of France.

#movieaesthetic #futuristic #motorcycle #retro #aiassistedart  #midjourneyart #midjourney #fashionshoot #aifashion #midjourneyfashion #ai #aiart #landscape","â€¢ Rendezvous,  In an alternate future in the south of France.  #movieaesthetic #futuristic #motorcycle #retro #aiassistedart  #midjourneyart #midjourney #fashionshoot #aifashion #midjourneyfashion #ai #aiart #landscape"
"Would you like to know my prompts in Midjourney? Luckily, they're available through the link in my bio. 

The Book of Formulas has just been updated and expanded with six new Formulas. As I create and explore, the more I'm able to share.

For those who have already purchased, this update will land in your inbox today. Reach out to me if you don't receive it and I'll send it your way personally.

The Book of Formulas is a great tool for reference and understanding how to craft powerful prompts. For a comprehensive guide to Midjourney, check out my Imagine: Midjourney for Creatives (also updated today).

Happy creating!

#midjourneyart #midjourney #midjourneyarchitecture #midjourneytips #midjourneytutorial #midjourneyartwork #aiart #aifashion #aiartist","â€¢ Would you like to know my prompts in Midjourney? Luckily, they're available through the link in my bio.   The Book of Formulas has just been updated and expanded with six new Formulas. As I create and explore, the more I'm able to share.  For those who have already purchased, this update will land in your inbox today. Reach out to me if you don't receive it and I'll send it your way personally.  The Book of Formulas is a great tool for reference and understanding how to craft powerful prompts. For a comprehensive guide to Midjourney, check out my Imagine: Midjourney for Creatives (also updated today).  Happy creating!  #midjourneyart #midjourney #midjourneyarchitecture #midjourneytips #midjourneytutorial #midjourneyartwork #aiart #aifashion #aiartist"
"Get 30% off any print in the shop this weekend with the code SMILE at checkout ğŸ˜Š

Link in bio ğŸ–¼ï¸

#print #art #artforsale #artforyourhome #artoftheday",â€¢ Get 30% off any print in the shop this weekend with the code SMILE at checkout ğŸ˜Š  Link in bio ğŸ–¼ï¸  #print #art #artforsale #artforyourhome #artoftheday
"In its heart lies a delicate power, Unseen in day, but known in twilight's hour. 

#sculptures #crystals #gemstones #flowers #aiassistedart #midjourneyart #midjourney #midjourneyai #midjourneyartwork #midjourneyarchitecture #midjourneyaiart #aiart #ai #aiarchitecture #conceptual #conceptart #conceptualart #immersiveart #art #artinstallation","â€¢ In its heart lies a delicate power, Unseen in day, but known in twilight's hour.   #sculptures #crystals #gemstones #flowers #aiassistedart #midjourneyart #midjourney #midjourneyai #midjourneyartwork #midjourneyarchitecture #midjourneyaiart #aiart #ai #aiarchitecture #conceptual #conceptart #conceptualart #immersiveart #art #artinstallation"
"This past Friday my dearest friend and collaborator @andreas.ihlebaek released his latest piano piece â€˜As We Float Byâ€™. An ode to dreams, grand thoughts and the mysteries of the universe. I thought what better way to create than to translate the vibrations of his sound into visual concepts of installations and rooms that detach you from your rigid idea of what reality is supposed to be, and transports you to a space where you and everything else float without boundaries. A corner of the fabric that erases the line between dreams and reality As We Float By. 

#sculptures #aiassistedart #midjourneyart #midjourney #midjourneyai #midjourneyartwork #midjourneyarchitecture #midjourneyaiart #aiart #ai #aiarchitecture #conceptual #conceptart #conceptualart #immersiveart #art #artinstallation","â€¢ This past Friday my dearest friend and collaborator @andreas.ihlebaek released his latest piano piece â€˜As We Float Byâ€™. An ode to dreams, grand thoughts and the mysteries of the universe. I thought what better way to create than to translate the vibrations of his sound into visual concepts of installations and rooms that detach you from your rigid idea of what reality is supposed to be, and transports you to a space where you and everything else float without boundaries. A corner of the fabric that erases the line between dreams and reality As We Float By.   #sculptures #aiassistedart #midjourneyart #midjourney #midjourneyai #midjourneyartwork #midjourneyarchitecture #midjourneyaiart #aiart #ai #aiarchitecture #conceptual #conceptart #conceptualart #immersiveart #art #artinstallation"
"The Mountain of Gold. 

An imagined sculpture park with organically shaped sculptures in a mountainous landscape.

#sculptures #aiassistedart #midjourneyart #midjourney #midjourneyai #midjourneyartwork #midjourneyarchitecture #midjourneyaiart #aiart #ai #aiarchitecture #conceptual #conceptart #conceptualart #immersiveart #art #artinstallation",â€¢ The Mountain of Gold.   An imagined sculpture park with organically shaped sculptures in a mountainous landscape.  #sculptures #aiassistedart #midjourneyart #midjourney #midjourneyai #midjourneyartwork #midjourneyarchitecture #midjourneyaiart #aiart #ai #aiarchitecture #conceptual #conceptart #conceptualart #immersiveart #art #artinstallation
"The prevailing trend in contemporary architecture often neglects the human element in our shared and private spaces, opting instead for a utilitarian approach that transforms commercial and residential buildings into mere shells of functionality. In this aesthetic, people become nothing more than transient splashes of colour against the sterile backdrops of white, grey, and impersonal coldness. This paradigm shift has gradually led to the erosion of the intricate forms, ornaments, and vibrant hues that were hallmarks of architectural design in bygone eras. How might we escape this pattern and once again prioritise form in the architectural designs of the future? 

Granted, the designs in the following slides emphasise form over function, but their value is in their power to inspire and nudge us in the direction of livelier spaces that bring back aspects of architecture that truly elevate the human spirit instead of suppressing their existence. 

#futurism #future #architecture #ai #prophecy #humanism #naturelovers #naturearchitecture #midjourneyarchitecture #midjourneyart #midjourneyart #residential #villagelife #contemporaryarchitecture","â€¢ The prevailing trend in contemporary architecture often neglects the human element in our shared and private spaces, opting instead for a utilitarian approach that transforms commercial and residential buildings into mere shells of functionality. In this aesthetic, people become nothing more than transient splashes of colour against the sterile backdrops of white, grey, and impersonal coldness. This paradigm shift has gradually led to the erosion of the intricate forms, ornaments, and vibrant hues that were hallmarks of architectural design in bygone eras. How might we escape this pattern and once again prioritise form in the architectural designs of the future?   Granted, the designs in the following slides emphasise form over function, but their value is in their power to inspire and nudge us in the direction of livelier spaces that bring back aspects of architecture that truly elevate the human spirit instead of suppressing their existence.   #futurism #future #architecture #ai #prophecy #humanism #naturelovers #naturearchitecture #midjourneyarchitecture #midjourneyart #midjourneyart #residential #villagelife #contemporaryarchitecture"
"The mystic meridian. Where the sands sing to moons,
and skies bow to the hush of hidden spaces. 

#muralart #muralpainting #midjourneyart #midjourney #midjourneyartwork #aiart #aiassistedart #aiarchitecture #midjourneyarchitecture #sculpture #art","â€¢ The mystic meridian. Where the sands sing to moons, and skies bow to the hush of hidden spaces.   #muralart #muralpainting #midjourneyart #midjourney #midjourneyartwork #aiart #aiassistedart #aiarchitecture #midjourneyarchitecture #sculpture #art"
"Most of us aren't conscious about how colours affect us, but the truth is our psychology and biology is wired to respond to colours in specific ways. 

This imaginary installation explores the depth and mysteries of blue. A space where visitors can feel the effects of a color on their body.

From a nighttime sky to a deep blue sea, the colour blue expands out horizons and blankets our dreams. Blue lowers blood pressure and slows down heart rate, thus making the body more relaxed and under less stress. Scientists have also found that blue light can in the right conditions help treat a number of health problems. 

How would The Blue Chamber make you feel?

#blue #blueaesthetic #midjourneyart #midjourney #midjourneyai #midjourneyartwork #midjourneyarchitecture #midjourneyaiart #aiart #ai #aiarchitecture #scuplture #art #artinstallation","â€¢ Most of us aren't conscious about how colours affect us, but the truth is our psychology and biology is wired to respond to colours in specific ways.   This imaginary installation explores the depth and mysteries of blue. A space where visitors can feel the effects of a color on their body.  From a nighttime sky to a deep blue sea, the colour blue expands out horizons and blankets our dreams. Blue lowers blood pressure and slows down heart rate, thus making the body more relaxed and under less stress. Scientists have also found that blue light can in the right conditions help treat a number of health problems.   How would The Blue Chamber make you feel?  #blue #blueaesthetic #midjourneyart #midjourney #midjourneyai #midjourneyartwork #midjourneyarchitecture #midjourneyaiart #aiart #ai #aiarchitecture #scuplture #art #artinstallation"
"Oslo has been growing rapidly for the last decade or so, with new neighbourhoods being constructed from the ground up with the latest from modern architecture. Many of these new corners of the city lack warmth and familiarity, and are often dominated by large gray blocks that suck the life out of the streets. 

As an experiment I wanted to envision a new and different path, bringing back warmth, a sense of wonder & exploration, and a landscape thatâ€™s more familiar and not dominated by sharp edges and cold materials. 

#futurism #future #architecture #ai #prophecy #humanism #naturelovers #naturearchitecture #midjourneyarchitecture #midjourneyart #midjourneyart #residential #villagelife #contemporaryarchitecture #landscapedesign #oslo #cityplanning #archdaily #design#designboom","â€¢ Oslo has been growing rapidly for the last decade or so, with new neighbourhoods being constructed from the ground up with the latest from modern architecture. Many of these new corners of the city lack warmth and familiarity, and are often dominated by large gray blocks that suck the life out of the streets.   As an experiment I wanted to envision a new and different path, bringing back warmth, a sense of wonder & exploration, and a landscape thatâ€™s more familiar and not dominated by sharp edges and cold materials.   #futurism #future #architecture #ai #prophecy #humanism #naturelovers #naturearchitecture #midjourneyarchitecture #midjourneyart #midjourneyart #residential #villagelife #contemporaryarchitecture #landscapedesign #oslo #cityplanning #archdaily #design#designboom"
"Believing is SeeingğŸ‘ï¸

An imagined art experience playing with lights, fabric and projections in a large space. 

Would you like to experience this exhibition in real life?

#sculptures #aiassistedart #midjourneyart #midjourney #midjourneyai #midjourneyartwork #midjourneyarchitecture #midjourneyaiart #aiart #ai #aiarchitecture #conceptual #conceptart #conceptualart #immersiveart #art #artinstallation","â€¢ Believing is SeeingğŸ‘ï¸  An imagined art experience playing with lights, fabric and projections in a large space.   Would you like to experience this exhibition in real life?  #sculptures #aiassistedart #midjourneyart #midjourney #midjourneyai #midjourneyartwork #midjourneyarchitecture #midjourneyaiart #aiart #ai #aiarchitecture #conceptual #conceptart #conceptualart #immersiveart #art #artinstallation"
"Today @andreas.ihlebaek and I are releasing a tiny EP of little marvellous pieces of music. In this occasion I have envisioned â€˜Under Vannspeiletâ€™, an imaged under water sculpture park encapsulating the mood and mysteries of our latest sounds. With sculptures blending and morphing into a natural state, â€˜Under Vannspeiletâ€™ can only be experienced by being submerged. 

Vannspeil is the Norwegian word for mirror made of water. 

24, an EP by Andreas IhlebÃ¦k & Marius Troy, out wherever you enjoy music now. 

#cinematicmusic #sculptures #aiassistedart #midjourneyart #midjourney #midjourneyai #midjourneyartwork #midjourneyarchitecture #midjourneyaiart #aiart #ai #aiarchitecture #conceptual #conceptart #conceptualart #immersiveart #art #artinstallation","â€¢ Today @andreas.ihlebaek and I are releasing a tiny EP of little marvellous pieces of music. In this occasion I have envisioned â€˜Under Vannspeiletâ€™, an imaged under water sculpture park encapsulating the mood and mysteries of our latest sounds. With sculptures blending and morphing into a natural state, â€˜Under Vannspeiletâ€™ can only be experienced by being submerged.   Vannspeil is the Norwegian word for mirror made of water.   24, an EP by Andreas IhlebÃ¦k & Marius Troy, out wherever you enjoy music now.   #cinematicmusic #sculptures #aiassistedart #midjourneyart #midjourney #midjourneyai #midjourneyartwork #midjourneyarchitecture #midjourneyaiart #aiart #ai #aiarchitecture #conceptual #conceptart #conceptualart #immersiveart #art #artinstallation"
"I have carefully curated a collection of sounds designed to spark your imagination and accompany you while you work in flow states. It includes all the sound bites I have used alongside my visual concepts here on instagram.

I hope you enjoy. ğŸŒâœ¨ link in bio.",â€¢ I have carefully curated a collection of sounds designed to spark your imagination and accompany you while you work in flow states. It includes all the sound bites I have used alongside my visual concepts here on instagram.  I hope you enjoy. ğŸŒâœ¨ link in bio.
"Portals of Tuscany. 

An imagined sculpture park with luminous organic sculptures set in the Tuscan countryside. ğŸŒ¿

#sculptures #aiassistedart #midjourneyart #midjourney #midjourneyai #midjourneyartwork #midjourneyarchitecture #midjourneyaiart #aiart #ai #aiarchitecture #conceptual #conceptart #conceptualart #immersiveart #art #artinstallation",â€¢ Portals of Tuscany.   An imagined sculpture park with luminous organic sculptures set in the Tuscan countryside. ğŸŒ¿  #sculptures #aiassistedart #midjourneyart #midjourney #midjourneyai #midjourneyartwork #midjourneyarchitecture #midjourneyaiart #aiart #ai #aiarchitecture #conceptual #conceptart #conceptualart #immersiveart #art #artinstallation
"Your eyes can only see what your brain is looking for. 
Being mindful of your own lens, what are you looking for, and what are the things you tend to pay attention to in your daily life?","â€¢ Your eyes can only see what your brain is looking for.  Being mindful of your own lens, what are you looking for, and what are the things you tend to pay attention to in your daily life?"
Donâ€™t you know that I have eaten of the fruit of the unconscious?,â€¢ Donâ€™t you know that I have eaten of the fruit of the unconscious?
"Lately my surface has been quiet. No new concepts. Nothing to show. Nothing to transfer from my mind to yours. 

Rather, things have been busy on my side of the curtain. I have slowly been building what feels like a natural next step for my art: I am finally bringing my concepts into the material world. This has been a dream of mine for as long as I can remember, but resistance has been too strong for me to take the leap. Until now. 

In January my team and I will unveil HEKA, a large scale interactive installation at TaÃ° Oslo. 

We will bring you along for this journey. A human journey of bringing brilliant people together under one shared vision, to build for the love of it, to overcome fear and to bring forth what is within. 

So far on this vessel I have with me my forever partner in art Andreas IhlebÃ¦k (@andreas.ihlebaek), project lead Christine Ã˜vstedal (@ovstie), digital artist Steven Mark KÃ¼bler (@perspek.steven), construction lead Daniel Funke (@okolaiko), and advisor Frido Evers (@frido_evers). 

The vessel has already abandoned safe territory, and we will regularly report to back to shore with updates along the way. 

With love and wonder, Marius.","â€¢ Lately my surface has been quiet. No new concepts. Nothing to show. Nothing to transfer from my mind to yours.   Rather, things have been busy on my side of the curtain. I have slowly been building what feels like a natural next step for my art: I am finally bringing my concepts into the material world. This has been a dream of mine for as long as I can remember, but resistance has been too strong for me to take the leap. Until now.   In January my team and I will unveil HEKA, a large scale interactive installation at TaÃ° Oslo.   We will bring you along for this journey. A human journey of bringing brilliant people together under one shared vision, to build for the love of it, to overcome fear and to bring forth what is within.   So far on this vessel I have with me my forever partner in art Andreas IhlebÃ¦k (@andreas.ihlebaek), project lead Christine Ã˜vstedal (@ovstie), digital artist Steven Mark KÃ¼bler (@perspek.steven), construction lead Daniel Funke (@okolaiko), and advisor Frido Evers (@frido_evers).   The vessel has already abandoned safe territory, and we will regularly report to back to shore with updates along the way.   With love and wonder, Marius."
Explorations in Gold.,â€¢ Explorations in Gold.
Fabrics of Divinity.,â€¢ Fabrics of Divinity.
"Ethereal Void.

An imagined art experience exploring the delicate nature of fleeting moments and the illusion of destinations.

#sculpture #conceptart #immersiveart #art #artinstallation #aiassistedart #midjourneyart",â€¢ Ethereal Void.  An imagined art experience exploring the delicate nature of fleeting moments and the illusion of destinations.  #sculpture #conceptart #immersiveart #art #artinstallation #aiassistedart #midjourneyart
"Fragments of our material world captured in gold.

#sculpture #conceptart #artinspiration #aiassistedart #midjourneyart",â€¢ Fragments of our material world captured in gold.  #sculpture #conceptart #artinspiration #aiassistedart #midjourneyart
"Whenever I embark on a new creative endevour i start by looking within. The first keys i play, or the first images i produce, are always guided by an initial feeling. 

My measure of success is all about whether I am able to accurately capture this initial feeling in the final work.

Sometimes the work evolves into something else. I wont stand in its way. 

When this happens I look within once again to see if it resonates on a deeper level. If it does not, I put the work away to rediscover some other day.

These slides contain some of the initial feelings & intuitions HEKA is built upon.

Apart from the images on the last slide, none of these visuals are mine. 

HEKA is a large scale interactive installation that will be at display at @galleritad in January 2025. 

#artinstallation #immersiveart #artexhibition #art #artprocess #music","â€¢ Whenever I embark on a new creative endevour i start by looking within. The first keys i play, or the first images i produce, are always guided by an initial feeling.   My measure of success is all about whether I am able to accurately capture this initial feeling in the final work.  Sometimes the work evolves into something else. I wont stand in its way.   When this happens I look within once again to see if it resonates on a deeper level. If it does not, I put the work away to rediscover some other day.  These slides contain some of the initial feelings & intuitions HEKA is built upon.  Apart from the images on the last slide, none of these visuals are mine.   HEKA is a large scale interactive installation that will be at display at @galleritad in January 2025.   #artinstallation #immersiveart #artexhibition #art #artprocess #music"
"Echoes in Silence.

An imagined art experience eliminating the boundaries between sculpture and architecture, challenging our perceptions of space, shapes and scale. 

#sculpture #conceptart #immersiveart #art #artinstallation #aiassistedart #midjourneyart #aiarchitecture","â€¢ Echoes in Silence.  An imagined art experience eliminating the boundaries between sculpture and architecture, challenging our perceptions of space, shapes and scale.   #sculpture #conceptart #immersiveart #art #artinstallation #aiassistedart #midjourneyart #aiarchitecture"
"Ã‰clat Doux

Exploring the play between delicate fabrics and precious metals.",â€¢ Ã‰clat Doux  Exploring the play between delicate fabrics and precious metals.
"The HEKA chamber has been open for two weeks, and the response has been overwhelming, to say the least ğŸ’™

We have succeeded in creating an immersive & interactive space where people can shed their armor, become childlike, wide-eyed, open and absolutely present in the moment. The soft textures and the organic shapes of the chamber paired with Andreas IhlebÃ¦kâ€™s captivating music and Steven Mark KÃ¼blerâ€™s mesmerising visuals, come together to create an experience that feels like real life magic.

Due to the success we have been asked to extend our stay at Taâˆ‚ Galleri for an additional two weeks! New, additional show dates will come soon. ğŸ’«

Tickets available at HEKA(dot)ART now.

Credits
Artistic Director & Concept - Marius Troy (@mariustroy)
Producer - Christine Ã˜vstedal (@ovstie)
Music - Andreas IhlebÃ¦k (@andreas.ihlebaek)
Visuals - Steven Mark KÃ¼bler (@perspek.steven) using @touchdesigner 
Construction/Floor - Daniel Funke (@dani_funke)
Construction/Ceiling & 3D modeling - Frido Evers (@frido_evers)
Installation Advisor - Rosa HernÃ¡ndez (@rosastereoscopica)
Projectors provided by ProjektorPÃ¸blene 
Space & support by Taâˆ‚ Galleri (@tadgalleri) and Henrik Alfheim (@henrik_alfheim)

#immersiveart #projectormapping #touchdesigner #artinstallation #conceptart #conceptualart #interactiveart #interactiveinstallation #musicvenue","â€¢ The HEKA chamber has been open for two weeks, and the response has been overwhelming, to say the least ğŸ’™  We have succeeded in creating an immersive & interactive space where people can shed their armor, become childlike, wide-eyed, open and absolutely present in the moment. The soft textures and the organic shapes of the chamber paired with Andreas IhlebÃ¦kâ€™s captivating music and Steven Mark KÃ¼blerâ€™s mesmerising visuals, come together to create an experience that feels like real life magic.  Due to the success we have been asked to extend our stay at Taâˆ‚ Galleri for an additional two weeks! New, additional show dates will come soon. ğŸ’«  Tickets available at HEKA(dot)ART now.  Credits Artistic Director & Concept - Marius Troy (@mariustroy) Producer - Christine Ã˜vstedal (@ovstie) Music - Andreas IhlebÃ¦k (@andreas.ihlebaek) Visuals - Steven Mark KÃ¼bler (@perspek.steven) using @touchdesigner  Construction/Floor - Daniel Funke (@dani_funke) Construction/Ceiling & 3D modeling - Frido Evers (@frido_evers) Installation Advisor - Rosa HernÃ¡ndez (@rosastereoscopica) Projectors provided by ProjektorPÃ¸blene  Space & support by Taâˆ‚ Galleri (@tadgalleri) and Henrik Alfheim (@henrik_alfheim)  #immersiveart #projectormapping #touchdesigner #artinstallation #conceptart #conceptualart #interactiveart #interactiveinstallation #musicvenue"
@augustuba made the @hekachamber dance to the tones of his tuba this morning. What a gift it is to invite talented musicians into this space.,â€¢ @augustuba made the @hekachamber dance to the tones of his tuba this morning. What a gift it is to invite talented musicians into this space.
@unoharp visited the HEKA chamber with his harp today. We were witnessing real life magic as the chamber came alive and reacted to this divine instrument. Wow.. thank you so much for an incredible experience @unoharp ğŸ’™âœ¨,â€¢ @unoharp visited the HEKA chamber with his harp today. We were witnessing real life magic as the chamber came alive and reacted to this divine instrument. Wow.. thank you so much for an incredible experience @unoharp ğŸ’™âœ¨
"This week we finally opened the HEKA Chamber, and what a night of magic it turned out to be! âœ¨

Thank you to everyone that came out ğŸ’™
Thank you to @tadgalleri for believing in us ğŸ’™
Thank you to everyone that put their heart and energy into to making HEKA a reality ğŸ’™
Thank you to @o.p.u.s for making this beautiful video and for taking pictures on our opening night ğŸ’™

Now weâ€™re entering the weekend with two sold out shows tonight. âœ¨ we have arrived.","â€¢ This week we finally opened the HEKA Chamber, and what a night of magic it turned out to be! âœ¨  Thank you to everyone that came out ğŸ’™ Thank you to @tadgalleri for believing in us ğŸ’™ Thank you to everyone that put their heart and energy into to making HEKA a reality ğŸ’™ Thank you to @o.p.u.s for making this beautiful video and for taking pictures on our opening night ğŸ’™  Now weâ€™re entering the weekend with two sold out shows tonight. âœ¨ we have arrived."
"Portal.

Working on HEKA at @tadgalleri late nights, and passing through this portal at SkÃ¸yen Stasjon to get my train home is turning in to a ritual.
 
#heka #hekachamber @hekachamber","â€¢ Portal.  Working on HEKA at @tadgalleri late nights, and passing through this portal at SkÃ¸yen Stasjon to get my train home is turning in to a ritual.   #heka #hekachamber @hekachamber"
"Start the new year with a sensory journey in the chamber that dances with sound. HEKA opens on January 7th at @tadgalleri in Oslo with unforgettable performances by pianist Andreas IhlebÃ¦k every weekend until February 2nd. 

Info & tickets on heka.art

Big thank you to @o.p.u.s for making this video possible. We are filled with gratitude ğŸ™ğŸ¼

Production by OPUS / @o.p.u.s 
Director, editor: Marius Iversen / @marius.iversen 
VFX: Jasko Mujakic / @jvsko 
1st AC: Isak Sawe / @isaksawe 
Lighting: Isak Sawe, William Stang / @stang_mediaproduksjon","â€¢ Start the new year with a sensory journey in the chamber that dances with sound. HEKA opens on January 7th at @tadgalleri in Oslo with unforgettable performances by pianist Andreas IhlebÃ¦k every weekend until February 2nd.   Info & tickets on heka.art  Big thank you to @o.p.u.s for making this video possible. We are filled with gratitude ğŸ™ğŸ¼  Production by OPUS / @o.p.u.s  Director, editor: Marius Iversen / @marius.iversen  VFX: Jasko Mujakic / @jvsko  1st AC: Isak Sawe / @isaksawe  Lighting: Isak Sawe, William Stang / @stang_mediaproduksjon"
"You are invited to a one-night-only sensory breathwork journey in a chamber that dances with sound.

Breathwork and classical music thrive in synergy. Together, they can bring a sense of calm and tranquility while guiding our consciousness to unexplored landscapes within us. Let the rhythm of the breath and the melodies guide your awareness to bodily presence, unlocking sensory and emotional experiences.

Classical pianist Andreas IhlebÃ¦k will play piano pieces specifically composed for the HEKA chamber, a concept by Marius Troy, and accompany the breathwork guidance of Fredrik Fernando Austad. 

The class lasts for about one hour. 

HEKA Breath
When: Tuesday 21sth of January from 18-19.30
Where: HEKA Chamber, Tad Gallery, Oslo
Tickets: heka.art

Weâ€™re looking forward to breathing with you.

Read more about the HEKA Chamber at heka.art

Important: Read the event text for clarity on the breathwork practice.

Limited spots.","â€¢ You are invited to a one-night-only sensory breathwork journey in a chamber that dances with sound.  Breathwork and classical music thrive in synergy. Together, they can bring a sense of calm and tranquility while guiding our consciousness to unexplored landscapes within us. Let the rhythm of the breath and the melodies guide your awareness to bodily presence, unlocking sensory and emotional experiences.  Classical pianist Andreas IhlebÃ¦k will play piano pieces specifically composed for the HEKA chamber, a concept by Marius Troy, and accompany the breathwork guidance of Fredrik Fernando Austad.   The class lasts for about one hour.   HEKA Breath When: Tuesday 21sth of January from 18-19.30 Where: HEKA Chamber, Tad Gallery, Oslo Tickets: heka.art  Weâ€™re looking forward to breathing with you.  Read more about the HEKA Chamber at heka.art  Important: Read the event text for clarity on the breathwork practice.  Limited spots."
"Music is central to the human experienceâ€”some researchers even suggest it predates spoken language. Naturally, the musical aspect of HEKA is profoundly significant.

Pianist and composer Andreas IhlebÃ¦k has been described by Apple Music as â€œone of the most dynamic and boundary-breaking composers in modern classical music.â€ To me, his work resonates on a deeper level, reaching something primal and rooted. His latest project, RO, in which he has toured Norwegian churches and prisons to offer sacred musical experiences that help people calm their minds and reconnect, is a testament to his unique gift for serving the universe in an authentic and beautiful way.

We are incredibly fortunate to have him create the auditory vessel for your journey inside the HEKA Chamber. No one else could have done it justice.","â€¢ Music is central to the human experienceâ€”some researchers even suggest it predates spoken language. Naturally, the musical aspect of HEKA is profoundly significant.  Pianist and composer Andreas IhlebÃ¦k has been described by Apple Music as â€œone of the most dynamic and boundary-breaking composers in modern classical music.â€ To me, his work resonates on a deeper level, reaching something primal and rooted. His latest project, RO, in which he has toured Norwegian churches and prisons to offer sacred musical experiences that help people calm their minds and reconnect, is a testament to his unique gift for serving the universe in an authentic and beautiful way.  We are incredibly fortunate to have him create the auditory vessel for your journey inside the HEKA Chamber. No one else could have done it justice."
"One of the most beautiful aspects of HEKA is the collaboration across disciplines, with incredible artists creating their best work, realizing one shared vision. 

I knew from the beginning of this project that the visual and interactive element of HEKA was crucial to get right in order to bring the audience on a deeper journey. The visuals of HEKA needed to be living and reacting to its environment. It needed to dance and be in conversation with the music and the space. 

Having been a big fan of Steven Mark KÃ¼blerâ€™s (@perspek.steven) work for a while, I reached out and shared my vision of HEKA with him last summer. Luckily, he aligned with the vision and was up for the challenge of helping us create a fully immersive and interactive experience. 

I am proud to have Steven on as a collaborating artist on HEKA, and I cannot wait for people to experience his work and what we have created together.

This video is one of his previous works.","â€¢ One of the most beautiful aspects of HEKA is the collaboration across disciplines, with incredible artists creating their best work, realizing one shared vision.   I knew from the beginning of this project that the visual and interactive element of HEKA was crucial to get right in order to bring the audience on a deeper journey. The visuals of HEKA needed to be living and reacting to its environment. It needed to dance and be in conversation with the music and the space.   Having been a big fan of Steven Mark KÃ¼blerâ€™s (@perspek.steven) work for a while, I reached out and shared my vision of HEKA with him last summer. Luckily, he aligned with the vision and was up for the challenge of helping us create a fully immersive and interactive experience.   I am proud to have Steven on as a collaborating artist on HEKA, and I cannot wait for people to experience his work and what we have created together.  This video is one of his previous works."
"It is only a matter of weeks before we open the HEKA Chamber for the very first time and let people inside to experience what we have built. The vision is becoming real in a grand way, and while the world is a whirlwind I feel like I am right here in the eye of the storm. Calm. Awake. Completely surrendered to the process and the currents of the universe.

It took the universe 13.9 billion years to arrange things for us to get to this exact moment. For us to get together and create HEKA. Knowing this, I have total trust in what we are doing. 

The universe is music, and we are here to play our parts in the cosmic symphony. HEKA is not about impressing anyone. It is all about blessing people with a moment of resonance through the vibrations of musical notes, and a corresponding visual journey in a space that allows for uninterrupted connection with the present moment. 

I canâ€™t wait to share it with you.","â€¢ It is only a matter of weeks before we open the HEKA Chamber for the very first time and let people inside to experience what we have built. The vision is becoming real in a grand way, and while the world is a whirlwind I feel like I am right here in the eye of the storm. Calm. Awake. Completely surrendered to the process and the currents of the universe.  It took the universe 13.9 billion years to arrange things for us to get to this exact moment. For us to get together and create HEKA. Knowing this, I have total trust in what we are doing.   The universe is music, and we are here to play our parts in the cosmic symphony. HEKA is not about impressing anyone. It is all about blessing people with a moment of resonance through the vibrations of musical notes, and a corresponding visual journey in a space that allows for uninterrupted connection with the present moment.   I canâ€™t wait to share it with you."
"Today is the day. We are finally gifting HEKA to the world. Tickets are now available. Experience HEKA at @galleritad from January 7th to February 2nd.

Visit HEKA.ART or follow the link in the bio to read more about the HEKA Experience.

#heka #hekaoslo",â€¢ Today is the day. We are finally gifting HEKA to the world. Tickets are now available. Experience HEKA at @galleritad from January 7th to February 2nd.  Visit HEKA.ART or follow the link in the bio to read more about the HEKA Experience.  #heka #hekaoslo
"Veil of Light

A continuation of the exploration of the interplay between the soft & delicate and the hard & precious.",â€¢ Veil of Light  A continuation of the exploration of the interplay between the soft & delicate and the hard & precious.
From AI to real life: On a mission to make the world  more magical.,â€¢ From AI to real life: On a mission to make the world  more magical.
Fils dâ€™Or.,â€¢ Fils dâ€™Or.
"Lâ€™AbÃ®me Bleu.

An imagined exhibition with sculptures exploring the mysteries of deep blue.",â€¢ Lâ€™AbÃ®me Bleu.  An imagined exhibition with sculptures exploring the mysteries of deep blue.
"Is there hope for art in the age of AI? 

Join me at @tadoslo Thursday 14th of November at 17:00 (5pm) for an exploration of AIâ€™s transformative role in art. Link to (free) tickets in my bio.

I hope to see you there âœ¨ğŸ¤",â€¢ Is there hope for art in the age of AI?   Join me at @tadoslo Thursday 14th of November at 17:00 (5pm) for an exploration of AIâ€™s transformative role in art. Link to (free) tickets in my bio.  I hope to see you there âœ¨ğŸ¤
"We have two shows tonight, and then there are only a couple of weekends left of HEKA. If you want to experience something completely different, a merge of space, visuals and music, now is your opportunity âœ¨","â€¢ We have two shows tonight, and then there are only a couple of weekends left of HEKA. If you want to experience something completely different, a merge of space, visuals and music, now is your opportunity âœ¨"
"I you find yourself in Oslo, there is magic to be found in the @hekachamber the next two weekends âœ¨ our last show is on February 15th. After that the HEKA chamber will close (forever?).

Made possible with @touchdesigner","â€¢ I you find yourself in Oslo, there is magic to be found in the @hekachamber the next two weekends âœ¨ our last show is on February 15th. After that the HEKA chamber will close (forever?).  Made possible with @touchdesigner"
"Making Â«AzurÂ» ğŸ¹ at @eaglenesteco . 
Endless inspiration âœ¨ 

Â«AzurÂ» produced by @ibibibeats , @mariustroy and @andreas.ihlebaek aka @morgenlandia 

#music #electronicmusic #beautifulplaces #norwaytravel #norge #travel #inspiration #unique #igtravel #studio #studiosetup #studiosession","â€¢ Making Â«AzurÂ» ğŸ¹ at @eaglenesteco .  Endless inspiration âœ¨   Â«AzurÂ» produced by @ibibibeats , @mariustroy and @andreas.ihlebaek aka @morgenlandia   #music #electronicmusic #beautifulplaces #norwaytravel #norge #travel #inspiration #unique #igtravel #studio #studiosetup #studiosession"
"AurÃ©olÃ©.

Further explorations into gold.",â€¢ AurÃ©olÃ©.  Further explorations into gold.
"Paris DorÃ©.

Exploring gold at scale and dressing Paris in precious metal. 

#sculptures #conceptual #conceptart #conceptualart #immersiveart #art #artinstallation #cityscape #paris",â€¢ Paris DorÃ©.  Exploring gold at scale and dressing Paris in precious metal.   #sculptures #conceptual #conceptart #conceptualart #immersiveart #art #artinstallation #cityscape #paris
"We built Heka with our own hands. By doing so we created a portal for people to forget the chaos of the material world and reconnect with themselves and each other.

For us, it has been a journey of belief, sweat, tears, love, friendship, trust and bravery. 

From the bottom of my heart: Thank you. It was real.","â€¢ We built Heka with our own hands. By doing so we created a portal for people to forget the chaos of the material world and reconnect with themselves and each other.  For us, it has been a journey of belief, sweat, tears, love, friendship, trust and bravery.   From the bottom of my heart: Thank you. It was real."
Voile CÃ©leste.,â€¢ Voile CÃ©leste.
"AurÃ©olÃ© II. 

A theme is emerging from the depths.",â€¢ AurÃ©olÃ© II.   A theme is emerging from the depths.
"Or Doux.

Blurring the lines between sculpture and fashion, exploring soft textures and threads of gold.","â€¢ Or Doux.  Blurring the lines between sculpture and fashion, exploring soft textures and threads of gold."
"Collinâ€™s dâ€™Or.

Imagined art installations covering Tuscan hills with gold.

#artinstallations #conceptart #sculptures",â€¢ Collinâ€™s dâ€™Or.  Imagined art installations covering Tuscan hills with gold.  #artinstallations #conceptart #sculptures
CÃ´te dâ€™Or.,â€¢ CÃ´te dâ€™Or.
"Lâ€™OpÃ©ra.

Scenography for the opera.",â€¢ Lâ€™OpÃ©ra.  Scenography for the opera.
A shimmer is breaching this Friday. Only 25 can step through âœ¨,â€¢ A shimmer is breaching this Friday. Only 25 can step through âœ¨
"AURUM PORTALS
Limited /25 â€¢ dropping 25 April â€” 12:00 CET

Three thresholds in liquid gold: Beacon, Oracle, Path.
A1 museum-grade giclÃ©e, numbered and certified.
Hang one. Claim the triptych. Enter the portal.

Set your reminder âœ¨","â€¢ AURUM PORTALS Limited /25 â€¢ dropping 25 April â€” 12:00 CET  Three thresholds in liquid gold: Beacon, Oracle, Path. A1 museum-grade giclÃ©e, numbered and certified. Hang one. Claim the triptych. Enter the portal.  Set your reminder âœ¨"
"A portal just openedâ€”will you step through?

Slide âœ to meet Beacon, Oracle, and Path.

â€¢ A1 museum-grade giclÃ©es
â€¢ Only 25 of each will ever exist
â€¢ Holographic-sealed COA, carbon-neutral shipping

Collect oneâ€”or claim the full triptych and hold matching numbers.

ğŸ”— Link in bio.

See you on the other side. #AurumPortals #LimitedEdition #MariusTroy","â€¢ A portal just openedâ€”will you step through?  Slide âœ to meet Beacon, Oracle, and Path.  â€¢ A1 museum-grade giclÃ©es â€¢ Only 25 of each will ever exist â€¢ Holographic-sealed COA, carbon-neutral shipping  Collect oneâ€”or claim the full triptych and hold matching numbers.  ğŸ”— Link in bio.  See you on the other side. #AurumPortals #LimitedEdition #MariusTroy"
"Golden trees in an imaginary sculpture park in Paris.

Would you go visit?",â€¢ Golden trees in an imaginary sculpture park in Paris.  Would you go visit?
"25 days of getting to know the HEKA Chamber.

One of the greatest gifts of having built the HEKA chamber is witnessing the magic that happens when we open our door to other creatives souls. 

We are here for another two weeks. 10 shows to go. ğŸ’™",â€¢ 25 days of getting to know the HEKA Chamber.  One of the greatest gifts of having built the HEKA chamber is witnessing the magic that happens when we open our door to other creatives souls.   We are here for another two weeks. 10 shows to go. ğŸ’™